145,Fish & Chips
383,Fondue
288,Body Shops
372,Acupuncture
207,French
119,Baby Gear & Furniture
183,Vegetarian
390,Furniture Reupholstery
104,Public Services & Government
86,Discount Store
199,Middle Schools & High Schools
11,Delis
358,Adult Entertainment
25,Sandwiches
118,Hot Dogs
364,Marketing
240,Filipino
299,Irish
198,Elementary Schools
396,Parking
353,Gastropubs
293,Desserts
156,Optometrists
20,Art Schools
391,Motorcycle Repair
209,Hardware Stores
267,Orthodontists
287,Solar Installation
495,Cocktail Bars
105,Skin Care
82,Weight Loss Centers
374,Soup
97,Tires
75,Cheesesteaks
449,Swimwear
213,Asian Fusion
117,Florists
114,Flowers & Gifts
247,Wedding Planning
173,Vegan
317,Archery
155,Gas & Service Stations
157,Eyewear & Opticians
57,Performing Arts
59,Dance Studios
43,Dim Sum
309,Massage Therapy
168,Tanning
250,Comic Books
490,Uniforms
67,Hiking
354,Hats
26,Musical Instruments & Teachers
485,Formal Wear
366,Do-It-Yourself Food
326,Soccer
438,Advertising
270,Auto Glass Services
397,Smog Check Stations
121,Diners
349,Neurologist
66,Beauty & Spas
237,Post Offices
45,Fast Food
53,Parks
225,Thai
69,Mass Media
486,Midwives
276,Windshield Installation & Repair
185,Auto Parts & Supplies
215,Food Stands
382,Home Theatre Installation
92,Arcades
211,Latin American
228,Tree Services
78,Home Decor
271,Photography Stores & Services
80,Pets
356,Laboratory Testing
280,Medical Centers
320,Martial Arts
347,IT Services & Computer Repair
311,Carpet Installation
448,Gun/Rifle Ranges
71,Antiques
350,Golf Equipment
238,Ophthalmologists
471,Botanical Gardens
367,Radio Stations
392,Food Trucks
335,African
451,Investing
401,Salad
483,Internet Cafes
220,Pakistani
493,Personal Chefs
466,Piano Bars
123,General Dentistry
337,Pest Control
4,Financial Services
165,Real Estate Agents
103,Landmarks & Historical Buildings
470,Skating Rinks
459,Diagnostic Imaging
32,Window Washing
442,Personal Shopping
377,Insurance
402,Plus Size Fashion
111,Mobile Phones
327,Playgrounds
419,Video/Film Production
212,Electricians
375,Real Estate Services
454,Session Photography
360,Watch Repair
423,Hookah Bars
268,Kosher
2,Professional Services
445,Fertility
277,Horseback Riding
435,Departments of Motor Vehicles
305,Boating
48,Breweries
269,Windows Installation
35,Kitchen & Bath
3,Tax Services
70,Cinema
223,Apartments
307,Festivals
249,Hobby Shops
258,Pawn Shops
126,Printing Services
180,Makeup Artists
342,Bowling
416,Swimming Lessons/Schools
404,Animal Shelters
89,Pubs
343,Travel Services
101,Guns & Ammo
306,Rafting/Kayaking
191,Tours
431,Cambodian
369,Zoos
378,Turkish
18,Event Planning & Services
84,Tobacco Shops
450,Tea Rooms
481,Knitting Supplies
302,Television Service Providers
8,Food
125,Shipping Centers
264,Graphic Design
55,Health & Medical
229,Professional Sports Teams
144,Gay Bars
49,American (New)
244,Cooking Schools
64,Italian
338,Landscaping
428,Bankruptcy Law
190,Food Delivery Services
206,Dance Clubs
147,Amusement Parks
365,Hot Tub & Pool
21,Specialty Schools
373,Outlet Stores
400,Kids Activities
234,Sports Clubs
432,Landscape Architects
200,Office Cleaning
489,Orthopedists
94,Banks & Credit Unions
458,Shaved Ice
88,Office Equipment
232,Swimming Pools
23,Accessories
469,Talent Agencies
405,Polish
359,Watches
313,Mini Golf
503,Psychiatrists
395,Airport Shuttles
196,Massage
312,German
344,Child Care & Day Care
387,Notaries
282,Auto Detailing
410,Diving
201,Wholesale Stores
259,Casinos
314,Gelato
351,Luggage
462,Electronics Repair
443,Public Transportation
482,Boat Charters
22,Jewelry
130,Pet Services
301,Wigs
150,Korean
417,Meat Shops
409,Ear Nose & Throat
242,Transportation
464,Russian
137,Photographers
177,Employment Agencies
197,Taiwanese
131,Building Supplies
159,Resorts
297,Chicken Wings
384,Divorce & Family Law
334,Local Flavor
146,Music Venues
319,Home Inspectors
447,Peruvian
37,Beer Wine & Spirits
491,Vocational & Technical School
138,Health Markets
81,Gyms
243,Physical Therapy
487,Burmese
475,Afghan
148,Dry Cleaning & Laundry
139,Ethnic Food
456,Herbs & Spices
461,Private Investigation
403,Social Clubs
480,Gift Shops
285,Nurseries & Gardening
178,Greek
160,Home Cleaning
506,Leisure Centers
371,Funeral Services & Cemeteries
484,Brazilian
393,Videographers
79,Veterinarians
361,Skydiving
476,Modern European
161,Sports Wear
10,Bagels
62,Used Vintage & Consignment
412,Nutritionists
149,Convenience Stores
418,Recreation Centers
222,Champagne Bars
76,Lighting Fixtures & Equipment
427,General Litigation
127,Sushi Bars
7,Shopping
256,Endodontists
296,Cosmetic Surgeons
316,Internal Medicine
170,Cajun/Creole
370,Laser Hair Removal
262,Oral Surgeons
171,Airports
5,Sporting Goods
260,Basque
308,Gluten-Free
24,Education
163,Donuts
246,Aquariums
65,Hair Salons
227,Obstetricians & Gynecologists
281,Pediatricians
204,Heating & Air Conditioning/HVAC
376,Chocolatiers & Shops
251,Toy Stores
294,Karaoke
252,Vietnamese
488,Special Education
116,Shoe Stores
433,Laser Eye Surgery/Lasik
17,Vinyl Records
505,Go Karts
497,Guest Houses
210,Wineries
50,Active Life
413,Periodontists
218,Matchmakers
318,Urgent Care
422,Piercing
415,Leather Goods
245,Ethiopian
153,Party & Event Planning
179,Golf
77,Furniture Stores
278,Dog Walkers
496,Laotian
385,Lawyers
304,DJs
429,Hair Stylists
16,Books Mags Music & Video
257,Cosmetic Dentists
115,Men's Clothing
13,Women's Clothing
345,Preschools
124,Barbers
310,Soul Food
406,Pharmacy
398,Opera & Ballet
41,Lounges
325,Hospitals
34,Burgers
440,Comedy Clubs
508,Personal Injury Law
110,Wine Bars
109,Coffee & Tea
39,Bars
333,Pet Training
224,Persian/Iranian
362,Mongolian
241,Airlines
181,Cosmetology Schools
31,Department Stores
263,Community Service/Non-Profit
439,Disc Golf
176,Pet Groomers
321,Barre Classes
60,Fitness & Instruction
453,Security Systems
133,Eyelash Service
112,Cards & Stationery
6,Bikes
166,Property Management
379,Interior Design
132,Naturopathic/Holistic
9,Grocery
235,Web Design
38,Plumbing
194,Yoga
56,Dentists
292,Carpet Cleaning
193,Middle Eastern
283,Car Stereo Installation
74,Oil Change Stations
154,Comfort Food
303,Internet Service Providers
167,Bridal
134,Nail Salons
465,Hindu Temples
87,Appliances & Repair
336,Financial Advising
51,Dog Parks
324,Halal
172,Junk Removal & Hauling
108,Family Practice
226,Candy Stores
455,Architects
498,Cardiologists
380,Tapas Bars
95,Mortgage Brokers
12,Restaurants
73,Automotive
248,Farmers Market
216,Keys & Locksmiths
437,Estate Planning Law
208,Motorcycle Dealers
275,Lingerie
386,Couriers & Delivery Services
19,Venues & Event Spaces
328,Stadiums & Arenas
478,Screen Printing
436,Hot Air Balloons
142,Electronics
1,Accountants
28,Pizza
300,RV Dealers
135,Churches
100,American (Traditional)
420,Shoe Repair
42,Buffets
315,Pool Cleaners
474,Fishing
330,Recording & Rehearsal Studios
187,Art Galleries
169,Seafood
102,Dive Bars
164,Children's Clothing
98,Japanese
254,Shades & Blinds
473,Massage Schools
52,Amateur Sports Teams
322,Pilates
346,Computers
394,Truck Rental
381,Seafood Markets
184,Tattoo
195,Juice Bars & Smoothies
472,Bed & Breakfast
272,Car Rental
452,Scandinavian
30,Hotels
14,Fashion
46,Drugstores
106,Hair Removal
295,Dermatologists
15,Music & DVDs
266,Steakhouses
290,Mattresses
363,Dance Schools
340,Sewing & Alterations
239,Chiropractors
61,Thrift Stores
158,Libraries
477,Boot Camps
122,Pet Stores
175,Reflexology
202,Cafes
83,Trainers
479,Screen Printing/T-Shirt Printing
162,Day Spas
499,Public Relations
233,Street Vendors
411,Live/Raw Food
143,Ice Cream & Frozen Yogurt
463,Shared Office Spaces
96,Real Estate
29,Hotels & Travel
214,Self Storage
425,Podiatrists
500,Driving Schools
186,Barbeque
467,Sports Medicine
424,Fruits & Veggies
182,Caribbean
323,Museums
221,Medical Spas
33,Home Services
151,Party Supplies
205,Cosmetics & Beauty Supply
329,Handyman
414,Painters
408,Allergists
217,Adult
286,Southern
407,Skate Parks
261,Spanish
460,Tutoring Centers
255,Fabric Stores
188,Cheese Shops
47,Shopping Centers
90,British
152,Costumes
99,Bakeries
507,Campgrounds
140,Specialty Food
341,Cuban
231,Tennis
399,Counseling & Mental Health
141,Mediterranean
494,Argentine
72,Auto Repair
291,Limos
219,Indian
136,Religious Organizations
120,Breakfast & Brunch
421,Framing
68,Print Media
426,Outdoor Gear
446,Climbing
388,Lakes
434,Flooring
253,Carpeting
368,Bike Rentals
289,Movers
63,Caterers
129,Sports Bars
236,Garage Door Services
230,Hawaiian
284,Gardeners
107,Doctors
40,Nightlife
93,Videos & Video Game Rental
265,Appliances
174,Art Supplies
189,Colleges & Universities
331,Horse Racing
339,Creperies
44,Chinese
192,Bookstores
389,Taxis
348,Hair Extensions
457,Psychics & Astrologers
279,Pet Boarding/Pet Sitting
468,Mobile Phone Repair
298,Car Dealers
441,Tapas/Small Plates
352,Jazz & Blues
504,Party Bus Rentals
492,Television Stations
203,Car Wash
27,Mexican
58,Arts & Entertainment
274,Pool Halls
113,Arts & Crafts
357,Diagnostic Services
91,Contractors
430,Roofing
502,Rehabilitation Center
501,Lebanese
54,Pediatric Dentists
128,Tex-Mex
355,Towing
332,Maternity Wear
36,Home & Garden
273,Mountain Biking
444,Adult Education
85,Local Services
